inc_range,avg(term),avg(loan_amnt)
1,39.540211443142425,8047.88306162794
2,43.189968681901,12467.000388995399
3,44.235989551353434,15677.044588870735
4,44.631734317343174,18196.443214432144
5,43.97477215691454,19797.266433320125
